,file,isLeela,isFry,isBender,predLeela,predFry,predBender,pred_correct
0,Futurama_1_04081.png,0,1,0,1.2002022e-05,0.9993264,0.00064226676,True
1,Futurama_2_17161.png,1,1,0,0.99985254,0.9999863,0.00018164261,True
2,Futurama_7_14497.png,1,1,1,0.9999992,0.999999,0.9936657,True
3,Futurama_6_23881.png,0,0,0,0.0025375218,1.0959968e-05,0.00049960724,True
4,Futurama_5_02065.png,1,0,0,0.99975413,0.00035413407,0.007228307,True
5,Futurama_4_29833.png,1,0,0,1.0,9.190324e-06,3.1233213e-07,True
6,Futurama_3_05737.png,1,1,1,1.0,0.9999963,0.9999964,True
7,Futurama_6_03097.png,0,1,0,4.139891e-05,0.9999646,1.6586664e-06,True
8,Futurama_3_13153.png,1,1,1,0.9999971,0.9996094,0.30165982,False
9,Futurama_2_09985.png,1,0,0,1.0,1.8000655e-07,8.478219e-12,True
10,Futurama_5_23569.png,1,1,0,1.0,0.9999962,2.7541527e-10,True
11,Futurama_6_25129.png,0,0,0,0.00070499023,0.0001561998,0.0007214123,True
12,Futurama_3_16729.png,1,1,0,0.24111405,0.99983484,0.0007426389,False
13,Futurama_1_07681.png,1,1,0,1.0,0.9999947,1.3686053e-05,True
14,Futurama_6_26305.png,1,1,1,1.0,1.0,0.9999703,True
15,Futurama_3_08113.png,0,1,1,0.0017579166,0.9616441,0.7409506,True
16,Futurama_2_15937.png,0,0,1,0.00016403038,1.7614808e-07,0.9953736,True
17,Futurama_5_02881.png,0,0,0,0.48027143,0.00029014476,0.0003256072,True
18,Futurama_7_23953.png,0,1,1,5.3112897e-05,0.8418364,1.0,True
19,Futurama_5_03985.png,0,0,0,0.0022560551,0.0024370155,0.0009155715,True
20,Futurama_1_25609.png,1,1,1,0.99971014,0.9999999,0.99999994,True
21,Futurama_3_08329.png,0,1,1,0.0012054077,0.9999558,0.9995568,True
22,Futurama_6_11905.png,0,1,0,4.0815453e-06,0.99999493,2.074068e-05,True
23,Futurama_6_08137.png,1,1,0,1.0,0.9999852,0.00019544888,True
24,Futurama_3_29089.png,0,1,0,2.2744443e-06,0.9999996,0.0035910644,True
25,Futurama_3_10849.png,1,1,0,1.0,1.0,3.9555363e-07,True
26,Futurama_5_14737.png,0,0,0,4.4562288e-11,1.0381249e-06,9.971297e-09,True
27,Futurama_3_23977.png,1,0,0,1.0,1.6045793e-07,4.122626e-08,True
28,Futurama_7_12145.png,0,1,0,0.0018955519,0.99999434,9.2708456e-07,True
29,Futurama_1_19513.png,0,1,1,0.0006151136,0.9999998,0.9978442,True
30,Futurama_7_20473.png,0,1,0,2.168351e-09,1.0,2.318169e-09,True
31,Futurama_6_27337.png,0,1,0,0.00028951978,0.99925864,8.527329e-05,True
32,Futurama_1_02209.png,0,1,0,0.001276739,0.9999846,0.0019281592,True
33,Futurama_6_09625.png,1,1,1,1.0,0.00030171662,0.9999963,False
34,Futurama_7_23065.png,0,0,0,1.7057186e-05,0.014161804,0.00018473278,True
35,Futurama_1_12361.png,0,1,1,5.181851e-08,1.0,0.99999976,True
36,Futurama_2_28321.png,1,0,0,0.9999993,0.0064222487,5.171207e-08,True
37,Futurama_2_11881.png,0,0,0,0.00049812166,6.2155734e-09,1.3727699e-05,True
38,Futurama_1_10153.png,0,0,0,8.324133e-06,4.026446e-07,4.76849e-06,True
39,Futurama_5_17401.png,0,0,0,0.004409961,0.00087475305,0.00011412936,True
40,Futurama_4_29977.png,0,0,0,0.00032026257,0.0035363447,3.0943636e-05,True
41,Futurama_1_15121.png,0,1,1,1.6195792e-06,1.0,0.9999993,True
42,Futurama_3_24553.png,1,0,1,1.0,9.631673e-07,0.99953157,True
43,Futurama_2_10489.png,0,0,0,3.4807755e-08,1.9422607e-06,1.3751086e-08,True
44,Futurama_1_28369.png,0,0,0,0.0021748927,4.4252275e-07,3.1117135e-05,True
45,Futurama_1_19249.png,1,0,0,1.0,4.0097526e-05,0.007799654,True
46,Futurama_1_13297.png,0,0,0,0.0004829402,0.004733178,0.0030792682,True
47,Futurama_2_18769.png,1,1,0,0.9958535,0.94278336,0.004162046,True
48,Futurama_2_30217.png,0,0,1,0.0001623765,0.0013317342,0.9803316,True
49,Futurama_6_10153.png,1,1,0,0.9995901,0.9999988,1.846876e-10,True
50,Futurama_3_07993.png,0,0,0,0.00046937546,0.008617262,0.00011252709,True
51,Futurama_1_11857.png,0,1,1,0.00040696515,0.9999998,0.9996178,True
52,Futurama_4_04297.png,1,0,1,1.0,3.931752e-07,0.9999989,True
53,Futurama_5_14521.png,0,0,0,1.8980697e-06,2.5212466e-06,9.5206154e-08,True
54,Futurama_3_01465.png,0,0,0,8.534732e-05,1.2114858e-10,4.3879654e-06,True
55,Futurama_4_05113.png,0,0,0,1.077287e-07,1.08780085e-07,8.99633e-07,True
56,Futurama_4_01705.png,0,0,0,0.18273239,1.4181661e-09,8.245369e-06,True
57,Futurama_4_15121.png,0,0,0,2.8704488e-05,1.5097052e-05,9.405536e-05,True
58,Futurama_5_01393.png,1,1,1,1.0,1.0,0.99999005,True
59,Futurama_5_06505.png,0,0,1,0.016698783,0.0021801775,0.9992683,True
60,Futurama_1_28249.png,0,0,0,0.0692551,3.0352097e-05,8.865273e-05,True
61,Futurama_7_31153.png,0,0,0,0.016817447,0.08811395,0.040205438,True
62,Futurama_6_17113.png,1,0,0,1.0,2.0919925e-08,1.3708888e-13,True
63,Futurama_1_28561.png,0,0,1,0.006222731,0.13823852,0.9858161,True
64,Futurama_3_22441.png,0,1,0,1.4929253e-05,0.99878216,3.4168057e-08,True
65,Futurama_1_09169.png,1,0,0,1.0,3.3914613e-10,7.4699535e-08,True
66,Futurama_1_01225.png,0,0,0,0.007634486,0.9475967,0.0011228886,False
67,Futurama_7_17353.png,0,1,0,2.3366907e-05,0.99999267,1.5500274e-06,True
68,Futurama_7_22249.png,0,1,0,7.9926634e-05,0.99554473,0.00032919322,True
69,Futurama_7_03025.png,0,0,1,6.370899e-10,7.660784e-10,1.0,True
70,Futurama_6_13969.png,0,0,0,3.5020466e-06,1.6283557e-06,5.266543e-09,True
71,Futurama_3_08761.png,0,1,1,3.5005676e-06,1.0,1.0,True
72,Futurama_1_06193.png,1,0,0,1.0,6.2663186e-09,3.0552368e-12,True
73,Futurama_3_29857.png,0,1,1,3.901254e-05,0.99991524,0.9991804,True
74,Futurama_6_03457.png,1,1,1,1.0,0.99999976,0.99999994,True
75,Futurama_2_30433.png,0,0,0,0.025516586,0.068338014,0.13375485,True
76,Futurama_3_06073.png,0,0,0,0.0007753441,4.4079175e-06,0.0007799154,True
77,Futurama_4_04561.png,0,0,0,7.092732e-06,2.8633924e-05,6.7741585e-06,True
78,Futurama_6_25369.png,0,1,0,3.5993016e-06,0.99999976,1.3853478e-10,True
79,Futurama_5_12121.png,1,1,0,0.9998162,0.9991593,0.000106441854,True
80,Futurama_6_12577.png,0,1,1,0.0008783403,0.99999326,0.99999213,True
81,Futurama_5_28969.png,0,0,0,0.00046057784,0.0012567091,0.06630762,True
82,Futurama_7_07129.png,1,0,0,1.0,0.00086531613,1.8343013e-06,True
83,Futurama_5_29089.png,0,0,0,0.008668841,0.0012018313,0.1076885,True
84,Futurama_7_28081.png,1,1,1,1.0,0.9999999,0.99940366,True
85,Futurama_6_12937.png,1,0,1,1.0,2.6452616e-09,0.9999994,True
86,Futurama_6_29113.png,0,1,0,0.0005785294,0.99999964,2.2523398e-05,True
87,Futurama_3_11713.png,1,1,1,1.0,1.0,1.0,True
88,Futurama_4_19945.png,1,0,0,1.0,1.5298103e-12,8.305142e-11,True
89,Futurama_3_28225.png,0,0,0,0.0003576521,4.3631005e-11,5.0603674e-05,True
90,Futurama_4_24625.png,0,0,0,1.3401431e-05,6.485217e-05,0.002073851,True
91,Futurama_6_03625.png,0,1,0,0.000918296,0.9999992,0.00034269897,True
92,Futurama_1_06457.png,1,1,0,1.0,1.0,4.4138023e-06,True
93,Futurama_5_16585.png,0,0,0,0.12691735,0.5551416,1.9951158e-05,False
94,Futurama_2_07465.png,1,1,0,1.0,1.0,2.5900928e-05,True
95,Futurama_1_02857.png,0,1,0,0.03759495,0.9999827,0.00011309884,True
96,Futurama_2_10657.png,0,0,0,0.025491646,0.0007266985,0.00101975,True
97,Futurama_2_14761.png,0,0,1,6.243046e-07,5.7771894e-07,0.99999666,True
98,Futurama_7_11017.png,0,0,0,0.0012683772,0.0008662236,0.0008713527,True
99,Futurama_2_11065.png,1,1,1,0.99903584,0.95444477,0.97161865,True
100,Futurama_5_20569.png,0,0,1,3.819571e-10,2.8690934e-07,0.99999994,True
101,Futurama_7_01153.png,0,0,1,4.2130187e-06,6.003608e-05,0.99999434,True
102,Futurama_4_09409.png,0,0,0,4.159522e-06,7.995844e-12,4.6688087e-06,True
103,Futurama_7_12121.png,0,0,0,2.2076687e-05,0.007990266,5.4389007e-11,True
104,Futurama_2_11569.png,0,0,1,4.4708395e-05,0.0068568187,0.99998605,True
105,Futurama_3_07321.png,0,1,1,8.751368e-05,1.0,0.99999636,True
106,Futurama_1_08473.png,1,0,0,1.0,9.7868155e-12,5.0951053e-12,True
107,Futurama_5_22801.png,1,1,1,0.99999994,0.99921083,0.97568566,True
108,Futurama_5_00697.png,0,0,0,7.42561e-07,2.5465382e-05,4.1723558e-07,True
109,Futurama_6_09697.png,1,1,1,1.0,0.000584049,0.9999982,False
110,Futurama_6_30649.png,0,0,0,2.6595885e-07,4.7583913e-07,4.8437532e-06,True
111,Futurama_2_16921.png,0,0,0,0.069922246,5.09862e-07,1.215491e-06,True
112,Futurama_6_01681.png,0,0,0,1.1125703e-10,2.5438653e-09,1.2577241e-06,True
113,Futurama_4_15985.png,1,0,0,1.0,7.840758e-08,9.3896204e-05,True
114,Futurama_5_13921.png,1,1,0,1.0,0.99827105,4.786286e-07,True
115,Futurama_6_17905.png,0,1,0,3.1614428e-07,0.99891406,3.3048524e-09,True
116,Futurama_5_14497.png,0,0,0,4.7808066e-07,1.7381499e-05,4.678434e-05,True
117,Futurama_5_16081.png,0,0,0,7.1380686e-07,1.1646151e-05,7.4112273e-07,True
118,Futurama_3_11569.png,1,1,1,1.0,1.0,1.0,True
119,Futurama_3_13321.png,1,1,1,0.99999684,0.9999996,0.9999984,True
120,Futurama_7_14881.png,0,0,0,5.0547158e-05,0.018815938,0.00044813272,True
121,Futurama_5_24889.png,0,0,0,0.035207227,0.017094087,0.0001234831,True
122,Futurama_7_09121.png,1,1,1,1.0,0.9998347,0.9999717,True
123,Futurama_4_28393.png,1,0,1,0.99999976,1.05087e-10,0.9999999,True
124,Futurama_4_05257.png,1,0,1,1.0,8.273456e-15,1.0,True
125,Futurama_2_02305.png,0,0,0,2.461813e-07,1.620273e-09,1.9197662e-06,True
126,Futurama_4_06097.png,1,0,1,1.0,8.857405e-07,0.99999785,True
127,Futurama_7_08761.png,0,0,1,6.595264e-09,9.473096e-10,0.99992853,True
128,Futurama_1_09529.png,1,1,0,0.99953264,1.0,3.4155146e-05,True
129,Futurama_7_12289.png,0,0,0,0.0022386834,0.00086292875,6.8563236e-07,True
130,Futurama_3_14785.png,0,1,1,9.2622e-06,0.9999335,0.99971366,True
131,Futurama_3_03625.png,1,0,1,1.0,5.1418004e-07,0.9999991,True
132,Futurama_4_14689.png,0,0,0,0.00023786628,9.545341e-09,1.7113077e-08,True
133,Futurama_3_08353.png,0,1,1,0.0019943549,0.99996203,0.9994677,True
134,Futurama_6_25441.png,0,1,0,0.133137,0.99999803,2.1142378e-07,True
135,Futurama_7_17689.png,0,1,0,1.705551e-05,0.99784565,1.0547916e-05,True
136,Futurama_7_15553.png,1,0,0,0.9999984,8.667232e-08,6.1993237e-06,True
137,Futurama_1_22777.png,0,1,1,5.490686e-05,0.9999975,0.9984825,True
138,Futurama_7_03913.png,0,0,1,5.596593e-05,3.4303043e-06,0.9989131,True
139,Futurama_4_19369.png,1,0,0,0.99999994,4.976704e-13,3.9507123e-11,True
140,Futurama_4_05785.png,1,0,0,0.9999537,0.0011132832,0.00049243035,True
141,Futurama_7_29329.png,0,1,0,5.9844405e-09,1.0,1.1519256e-05,True
142,Futurama_1_24097.png,1,0,0,0.9999983,6.913277e-05,3.5347646e-06,True
143,Futurama_3_03505.png,0,0,0,1.3818316e-05,0.00016720095,0.0002126145,True
144,Futurama_1_08113.png,0,1,0,2.3019556e-08,1.0,1.5617152e-06,True
145,Futurama_2_02905.png,0,0,0,6.8487375e-06,0.0014666135,0.00022426448,True
146,Futurama_2_22105.png,0,0,0,0.00035950227,0.0015908842,0.005467265,True
147,Futurama_7_24313.png,0,0,0,1.15729235e-05,4.8411675e-07,9.0286423e-10,True
148,Futurama_6_22033.png,0,0,0,5.584194e-06,5.500166e-07,0.0014780957,True
149,Futurama_2_14113.png,0,1,0,0.025554873,0.9956202,0.0022544242,True
150,Futurama_3_26185.png,0,1,0,0.00019891249,0.9999928,0.00034467503,True
151,Futurama_5_02329.png,0,0,0,3.773013e-05,0.00010388728,0.02105454,True
152,Futurama_2_02929.png,0,0,0,0.00024808408,0.0016731187,2.7998845e-05,True
153,Futurama_1_01417.png,0,0,0,0.001470518,0.020816483,0.0033006144,True
154,Futurama_5_23497.png,0,0,0,2.31041e-08,1.8214719e-09,2.7286173e-09,True
155,Futurama_7_02713.png,0,0,0,1.8712098e-11,4.7811074e-08,6.9315407e-09,True
156,Futurama_4_06241.png,1,0,1,1.0,3.2278655e-05,0.9999984,True
157,Futurama_1_17737.png,1,0,0,1.0,7.4641735e-05,1.1835529e-05,True
158,Futurama_4_01921.png,1,0,0,1.0,1.8155004e-06,1.372231e-07,True
159,Futurama_4_30937.png,0,0,0,8.9814336e-08,2.6196045e-09,2.2225756e-10,True
160,Futurama_2_05449.png,0,0,1,2.5651614e-06,3.110862e-10,0.9999593,True
161,Futurama_5_13609.png,1,1,0,0.99998367,0.9999764,0.00021910064,True
162,Futurama_5_30073.png,1,1,1,0.9999999,0.9998482,0.9973876,True
163,Futurama_4_09577.png,1,1,0,1.0,1.0,1.935482e-08,True
164,Futurama_7_05377.png,0,1,0,2.105706e-07,1.0,0.00095728756,True
165,Futurama_7_31057.png,0,0,0,2.4740399e-13,2.3569055e-11,1.0203659e-06,True
166,Futurama_1_14065.png,1,0,0,1.0,7.3198885e-06,1.27120875e-05,True
167,Futurama_7_23929.png,0,1,1,1.7834882e-08,0.9902579,1.0,True
168,Futurama_7_28153.png,1,1,1,1.0,1.0,0.9999403,True
169,Futurama_5_27577.png,0,0,0,2.0916858e-07,6.4446463e-06,0.00038760743,True
170,Futurama_2_25873.png,1,1,0,0.99995726,0.9999998,2.190137e-08,True
171,Futurama_6_27145.png,0,1,0,9.2842055e-07,0.99997866,3.004405e-07,True
172,Futurama_7_03145.png,1,1,1,0.9999993,0.99999624,0.9997978,True
173,Futurama_6_23689.png,0,0,0,1.769366e-05,5.0560334e-06,0.000118619886,True
174,Futurama_7_26641.png,0,1,0,3.0133828e-05,1.0,0.0008754939,True
175,Futurama_3_14833.png,0,1,0,0.00025975515,0.99973434,0.002805319,True
176,Futurama_4_16993.png,1,0,0,1.0,7.751487e-06,3.5218577e-09,True
177,Futurama_3_30457.png,0,1,1,0.005420888,0.9999761,0.96057206,True
178,Futurama_3_22369.png,0,1,0,1.1019664e-05,0.9834447,3.2490265e-05,True
179,Futurama_4_20857.png,1,0,0,0.99999976,8.5247244e-08,0.00021492726,True
180,Futurama_6_17881.png,1,1,0,0.99996,0.9999888,1.9163149e-07,True
181,Futurama_6_30961.png,0,0,0,8.108509e-07,2.50172e-08,7.745106e-09,True
182,Futurama_3_04609.png,0,0,0,1.9845534e-06,3.7495154e-06,1.8129255e-08,True
183,Futurama_6_29425.png,1,1,1,0.99999994,0.9999997,0.99999994,True
184,Futurama_5_30097.png,0,0,1,4.6405955e-09,5.728613e-07,1.0,True
185,Futurama_3_18265.png,1,1,0,0.9999998,0.99999994,0.0011367496,True
186,Futurama_7_20929.png,0,1,1,0.0004902878,1.0,0.99999034,True
187,Futurama_7_17953.png,1,0,0,1.0,0.00018833917,8.320518e-08,True
188,Futurama_1_11209.png,0,1,0,0.53828406,0.9999162,0.030167354,False
189,Futurama_4_01945.png,1,0,0,1.0,7.1350175e-09,3.8022685e-07,True
190,Futurama_3_18649.png,1,1,0,0.9999981,0.9999995,0.0018532225,True
191,Futurama_3_27193.png,1,1,1,1.0,0.9999042,0.99999905,True
192,Futurama_4_25369.png,1,0,0,1.0,2.0599817e-05,1.1958554e-11,True
193,Futurama_2_03241.png,0,0,0,0.0065827644,2.460448e-05,2.0325662e-05,True
194,Futurama_4_08041.png,0,0,1,0.0123900855,1.4197735e-07,1.0,True
195,Futurama_3_24025.png,1,0,0,1.0,4.6961017e-07,9.526117e-09,True
196,Futurama_1_19417.png,0,0,0,0.00016444459,1.9444867e-07,7.4957434e-08,True
197,Futurama_3_13081.png,0,0,0,0.59625095,3.7013105e-08,3.5230605e-05,False
198,Futurama_2_16105.png,0,0,1,8.616085e-08,1.391215e-07,0.99999577,True
199,Futurama_7_12337.png,0,0,0,0.0009772204,0.00023175335,0.00058748835,True
200,Futurama_2_00265.png,0,0,0,3.2246295e-08,0.00020900599,2.9029904e-06,True
201,Futurama_2_11089.png,1,1,1,0.99997586,0.8925631,0.9203719,True
202,Futurama_6_03313.png,0,1,0,4.2656302e-07,0.99999905,3.5726782e-07,True
203,Futurama_4_24841.png,0,0,1,6.5429086e-11,7.920971e-06,0.9999995,True
204,Futurama_3_25537.png,0,0,1,1.4488258e-09,1.8119809e-09,0.99999994,True
205,Futurama_4_20689.png,1,0,0,1.0,8.726329e-09,1.3652361e-06,True
206,Futurama_6_22489.png,0,1,0,0.0006256796,0.9860082,2.9991681e-06,True
207,Futurama_6_26137.png,0,1,0,0.04757102,0.99999964,0.00041641662,True
208,Futurama_1_19441.png,1,0,0,1.0,6.368326e-06,1.7136523e-13,True
209,Futurama_7_22033.png,0,1,1,0.00010626539,0.98372436,0.9619137,True
210,Futurama_1_23857.png,0,1,0,0.0010084445,0.99999726,0.00012553176,True
211,Futurama_4_30145.png,0,0,0,0.0050922944,2.020325e-08,2.259159e-05,True
212,Futurama_4_03001.png,0,1,0,1.5806088e-05,1.0,9.137455e-05,True
213,Futurama_6_01873.png,0,0,0,0.009320666,2.2304752e-07,8.9312205e-05,True
214,Futurama_4_15241.png,0,0,0,1.8362318e-06,1.040986e-05,6.045094e-13,True
215,Futurama_4_20065.png,1,0,0,0.9999963,5.671617e-10,2.5156234e-07,True
216,Futurama_5_02233.png,1,1,1,1.0,0.9997664,0.99518174,True
217,Futurama_6_30865.png,0,0,0,8.547909e-12,8.09121e-15,2.2752835e-09,True
218,Futurama_3_22873.png,1,1,0,1.0,1.0,1.105735e-06,True
219,Futurama_7_30457.png,0,0,0,2.1269483e-07,2.831253e-09,5.8868417e-09,True
220,Futurama_6_09385.png,0,0,0,0.016824,0.08816007,0.040213764,True
221,Futurama_4_04009.png,0,1,0,1.3392718e-05,1.0,3.4566152e-11,True
222,Futurama_3_27769.png,0,0,1,2.4296405e-06,8.982374e-06,0.9999973,True
223,Futurama_4_21889.png,1,1,1,1.0,0.9999935,0.9999814,True
224,Futurama_7_04417.png,1,1,1,0.9999998,0.9999679,0.999973,True
225,Futurama_2_07393.png,0,0,0,2.860311e-05,0.00023309341,7.842802e-05,True
226,Futurama_1_13585.png,1,0,0,1.0,4.8667985e-06,7.5300727e-06,True
227,Futurama_6_25273.png,0,0,0,0.008545337,0.0019075488,0.0011641729,True
228,Futurama_7_12577.png,0,1,0,0.0007138178,0.9999827,0.094188154,True
229,Futurama_5_10753.png,0,1,0,0.00014939075,0.9726214,0.00017078905,True
230,Futurama_5_20713.png,0,0,1,1.1015481e-10,1.7302827e-07,0.99999934,True
231,Futurama_7_16585.png,0,0,0,1.2940757e-06,8.321085e-09,5.264397e-08,True
232,Futurama_5_18697.png,0,0,0,0.00032826644,0.0040716184,0.0007820492,True
233,Futurama_7_10609.png,0,1,0,0.00018693169,0.99970055,2.3390252e-05,True
234,Futurama_5_10609.png,1,1,0,0.998793,0.9999771,6.1919677e-06,True
235,Futurama_4_02665.png,0,1,0,2.2816157e-05,1.0,2.4810815e-06,True
236,Futurama_3_10969.png,1,1,0,1.0,0.9999998,1.196274e-07,True
237,Futurama_5_23641.png,1,1,0,1.0,0.999998,1.3245778e-11,True
238,Futurama_2_01201.png,0,0,0,2.493563e-05,6.6596965e-07,1.4089464e-07,True
239,Futurama_6_20185.png,0,0,0,2.073902e-06,1.8113896e-06,2.451703e-07,True
240,Futurama_6_18505.png,0,0,0,4.6930316e-05,1.8982371e-09,2.524987e-05,True
241,Futurama_7_10849.png,0,1,0,4.0730258e-05,0.9953558,2.1822509e-05,True
242,Futurama_7_00313.png,0,0,1,0.06877297,0.00071117724,0.99945194,True
243,Futurama_3_22609.png,1,1,0,0.9989483,0.9999992,8.669256e-06,True
244,Futurama_1_08641.png,1,1,0,1.0,1.0,2.6992663e-07,True
245,Futurama_6_16393.png,0,1,0,3.1341868e-05,0.9952191,6.0933866e-07,True
246,Futurama_4_14785.png,0,0,0,0.00088784134,0.000104389066,7.552425e-05,True
247,Futurama_2_28105.png,0,1,0,3.2623087e-05,0.9999889,1.5894735e-06,True
248,Futurama_4_11521.png,1,0,0,1.0,2.5917792e-08,2.220409e-05,True
249,Futurama_4_01249.png,1,1,0,1.0,1.0,1.6021905e-06,True
250,Futurama_1_09241.png,1,0,0,1.0,3.5895944e-09,3.8020291e-06,True
251,Futurama_6_15433.png,1,1,1,0.9999998,1.0,0.9985881,True
252,Futurama_6_16801.png,0,1,0,0.0005885325,0.9999999,0.0007856618,True
253,Futurama_6_25321.png,0,1,0,5.583125e-09,0.99981946,3.997253e-10,True
254,Futurama_1_03169.png,0,1,0,1.9218698e-05,0.99712294,3.516635e-07,True
255,Futurama_6_26593.png,0,1,0,0.002308279,0.999949,0.0005296682,True
256,Futurama_5_22489.png,1,1,1,1.0,0.9999915,0.99999994,True
257,Futurama_2_24865.png,0,0,0,4.35337e-06,5.3139628e-11,5.5946726e-05,True
258,Futurama_3_30913.png,0,0,0,3.3488166e-06,1.5836976e-08,5.846644e-07,True
259,Futurama_1_07393.png,0,1,0,5.368166e-07,0.058437344,5.507775e-06,False
260,Futurama_1_01873.png,0,1,0,0.0005475403,0.99999994,0.0008043338,True
261,Futurama_3_00481.png,0,0,0,0.0019086929,6.617022e-05,0.0001201004,True
262,Futurama_2_15217.png,0,0,0,0.00039237755,5.467949e-07,1.1398852e-05,True
263,Futurama_4_06337.png,0,1,0,0.002011496,0.99744624,0.01644722,True
264,Futurama_4_21457.png,0,1,1,4.1205242e-13,1.0,1.0,True
265,Futurama_5_13081.png,0,1,0,0.76121086,0.9997528,0.0016131464,False
266,Futurama_1_27793.png,0,0,0,2.6935986e-06,0.00052074477,0.0031982742,True
267,Futurama_6_25537.png,0,1,0,0.002701789,1.0,1.919842e-05,True
268,Futurama_4_05473.png,0,0,1,0.095356084,8.015028e-05,0.99999994,True
269,Futurama_6_21865.png,0,0,0,5.1565046e-05,2.1112228e-06,0.00010680289,True
270,Futurama_4_21217.png,1,0,0,0.9999987,0.00060356874,0.0024589675,True
271,Futurama_2_05905.png,0,1,0,0.000725099,0.9999756,0.03931019,True
272,Futurama_3_26137.png,0,1,0,8.727583e-05,0.9235542,0.0025964947,True
273,Futurama_4_27961.png,1,0,0,1.0,7.7915956e-07,2.6286049e-08,True
274,Futurama_1_19177.png,0,0,0,0.0003144218,2.6415148e-07,6.049941e-07,True
275,Futurama_7_30913.png,0,0,0,1.2338094e-06,1.27258275e-08,6.3853296e-09,True
276,Futurama_1_13105.png,0,0,0,2.2257576e-05,0.00010005418,0.33663878,True
277,Futurama_2_06937.png,0,0,1,7.3887706e-16,5.452649e-09,1.0,True
278,Futurama_2_15577.png,0,0,0,0.00019335288,2.0027862e-09,2.840661e-06,True
279,Futurama_2_12313.png,1,1,1,1.0,0.99999297,0.9999704,True
280,Futurama_5_06961.png,0,0,0,1.2169147e-07,4.0100775e-05,8.259563e-08,True
281,Futurama_4_07177.png,0,0,0,3.5686116e-05,2.2949098e-05,0.008000818,True
282,Futurama_1_05425.png,0,0,0,1.9080994e-07,4.9230913e-08,6.6676794e-06,True
283,Futurama_1_18553.png,1,0,0,1.0,5.322984e-07,2.1082941e-07,True
284,Futurama_2_29065.png,0,0,0,0.0050565833,0.010707594,0.04838388,True
285,Futurama_2_14977.png,1,1,0,0.9999224,0.2493767,0.0009554088,False
286,Futurama_1_03601.png,0,1,0,0.0059081553,0.97211045,1.197404e-07,True
287,Futurama_5_07273.png,0,0,1,7.4599186e-05,0.0015708436,0.9999962,True
288,Futurama_2_22873.png,1,1,0,1.0,0.999054,4.077824e-11,True
289,Futurama_6_24625.png,0,0,0,0.0063679353,0.00044149483,0.00030199494,True
290,Futurama_3_05833.png,1,1,1,1.0,0.9950617,1.0,True
291,Futurama_6_09721.png,0,0,1,4.5936313e-09,2.0092436e-06,0.99999994,True
292,Futurama_2_13225.png,0,1,1,4.748363e-05,0.99998826,0.99991024,True
293,Futurama_6_03769.png,0,0,0,0.0095857475,0.0013727524,0.027503213,True
294,Futurama_4_27121.png,1,0,0,0.9999958,7.46305e-11,1.0741398e-11,True
295,Futurama_2_30673.png,0,0,0,2.6791523e-07,4.1671084e-09,8.649095e-09,True
296,Futurama_4_15769.png,1,0,0,1.0,7.645144e-08,0.0034599078,True
297,Futurama_7_27121.png,0,1,1,0.00021850692,0.99915594,0.9998948,True
298,Futurama_1_29305.png,1,1,0,1.0,1.0,1.412411e-09,True
299,Futurama_4_08329.png,1,0,0,1.0,2.1988097e-07,9.7925926e-14,True
300,Futurama_6_16993.png,0,1,0,1.2361493e-05,0.99999994,4.6731293e-07,True
301,Futurama_2_29377.png,0,0,1,0.018996516,0.0073990906,0.8416174,True
302,Futurama_7_24265.png,0,0,1,7.332865e-07,4.6861005e-05,0.99999785,True
303,Futurama_5_12217.png,1,1,0,1.0,0.9994777,2.6126388e-09,True
304,Futurama_6_06793.png,0,0,0,4.829675e-06,5.1829856e-09,8.135214e-09,True
305,Futurama_6_00721.png,0,0,0,0.0036292404,5.96837e-06,9.314789e-05,True
306,Futurama_6_23113.png,0,0,0,0.000114758805,0.0017498884,0.0029863962,True
307,Futurama_5_18457.png,0,0,0,0.00050932885,8.884375e-05,0.00053045945,True
308,Futurama_6_07849.png,0,0,1,0.0007660289,2.7688086e-08,0.99638987,True
309,Futurama_6_16897.png,0,1,0,5.291929e-06,1.0,1.5387691e-07,True
310,Futurama_1_30649.png,0,0,0,3.1515322e-06,4.738807e-09,1.2458066e-09,True
311,Futurama_3_09265.png,0,1,1,6.133944e-05,0.9999926,0.9953727,True
312,Futurama_3_23521.png,0,0,1,4.896995e-06,1.1531082e-05,0.99895597,True
313,Futurama_5_05425.png,0,0,1,1.9061117e-11,1.3649457e-09,1.0,True
314,Futurama_6_09529.png,0,1,0,0.00018836268,0.99999833,8.412003e-06,True
315,Futurama_4_02689.png,0,1,0,0.00044160913,0.8826899,1.5601566e-06,True
316,Futurama_4_00985.png,0,0,0,3.330845e-07,4.1152728e-07,5.0080166e-07,True
317,Futurama_2_06745.png,1,1,1,1.0,1.0,0.99999315,True
318,Futurama_2_02209.png,0,0,0,3.100634e-06,1.5294103e-07,3.2479646e-05,True
319,Futurama_1_07633.png,1,1,0,1.0,0.9941159,6.0469747e-06,True
320,Futurama_5_30697.png,0,0,0,1.4175203e-08,4.0776555e-07,5.679424e-06,True
321,Futurama_2_29929.png,0,0,0,8.17333e-05,0.009750253,0.09772915,True
322,Futurama_6_24385.png,0,1,0,0.00010236386,0.99999934,9.2114805e-09,True
323,Futurama_2_30745.png,0,0,0,8.4525226e-10,1.4314962e-06,3.4381173e-08,True
324,Futurama_3_28369.png,0,0,0,1.2951325e-06,0.00013944485,1.1455116e-05,True
325,Futurama_7_15577.png,1,0,0,0.9999936,7.929733e-08,1.417543e-05,True
326,Futurama_7_01345.png,0,0,0,6.758213e-05,1.3206318e-08,7.230963e-07,True
327,Futurama_3_10657.png,1,0,1,1.0,8.688273e-05,0.99446905,True
328,Futurama_3_30793.png,0,0,0,4.70421e-08,9.280619e-05,3.7857117e-07,True
329,Futurama_4_12625.png,0,0,0,0.00083916,3.8455653e-10,4.088468e-06,True
330,Futurama_6_27097.png,0,1,0,1.4050607e-06,0.99970454,4.2340375e-07,True
331,Futurama_7_24241.png,0,0,1,1.0004904e-07,2.9223594e-08,0.9999744,True
332,Futurama_3_26737.png,1,1,1,1.0,0.999937,0.9999755,True
333,Futurama_1_12697.png,0,0,0,0.00018477188,0.0072321855,0.00041707593,True
334,Futurama_5_11833.png,0,0,0,0.041572407,0.007797447,0.004651298,True
335,Futurama_3_26665.png,1,1,0,1.0,0.9999999,1.2001817e-05,True
336,Futurama_7_05977.png,0,0,0,0.23494391,0.009230339,2.3764227e-05,True
337,Futurama_4_15553.png,0,0,0,0.00069630163,0.0065316884,0.28880277,True
338,Futurama_4_30433.png,0,0,0,0.0034900615,5.299656e-09,0.00032350217,True
339,Futurama_1_16849.png,0,0,0,0.0018881758,0.0013002298,0.00086043234,True
340,Futurama_7_30481.png,0,0,0,1.2351053e-05,2.772646e-07,3.5983345e-09,True
341,Futurama_5_21529.png,0,1,1,0.06209319,0.99766666,0.9930765,True
342,Futurama_1_18625.png,1,0,0,1.0,1.7611425e-06,0.00024499593,True
343,Futurama_6_16705.png,0,1,0,7.1329785e-05,0.9999932,1.1728345e-06,True
344,Futurama_6_14617.png,1,1,0,1.0,1.0,3.203377e-07,True
345,Futurama_6_05641.png,1,0,1,0.99999666,3.7019786e-06,0.109682724,False
346,Futurama_3_07777.png,0,0,1,7.412309e-05,0.0008214465,0.99999976,True
347,Futurama_2_19897.png,0,0,1,5.0625086e-08,1.4162093e-05,0.9732615,True
348,Futurama_2_31225.png,0,0,0,3.608746e-07,1.731823e-07,1.0951434e-07,True
349,Futurama_2_13201.png,0,0,0,0.022510631,0.00022200638,0.00010757766,True
350,Futurama_7_00337.png,0,0,1,0.05397622,0.0011552067,0.9997009,True
351,Futurama_6_03481.png,1,1,1,1.0,0.99999976,0.9999999,True
352,Futurama_3_18793.png,1,1,1,0.9998346,0.99100375,0.9870121,True
353,Futurama_6_02953.png,1,1,0,1.0,0.99999994,1.3220103e-08,True
354,Futurama_5_04513.png,0,0,1,2.6085454e-13,1.6786978e-05,0.9999993,True
355,Futurama_5_24865.png,0,0,0,0.016824,0.08816007,0.040213764,True
356,Futurama_7_24961.png,1,0,0,0.9999998,1.9504463e-05,0.008182343,True
357,Futurama_2_13729.png,0,0,0,0.0015689819,0.00013536372,6.398349e-06,True
358,Futurama_1_30217.png,0,0,0,0.017333234,0.057426803,0.33038023,True
359,Futurama_5_24121.png,0,0,0,4.657593e-06,1.3190531e-06,2.3729347e-06,True
360,Futurama_4_13393.png,1,0,0,0.99991745,1.383853e-10,1.5942654e-05,True
361,Futurama_5_12673.png,1,1,0,0.99976134,0.9963127,1.9179955e-05,True
362,Futurama_3_10249.png,0,0,0,1.054288e-06,3.385297e-06,1.0614722e-06,True
363,Futurama_6_23521.png,0,0,0,0.078938566,0.001457225,6.3746998e-06,True
364,Futurama_5_03073.png,1,1,1,0.9999563,0.9999937,0.9999429,True
365,Futurama_4_03673.png,1,0,1,0.9999995,2.7705624e-12,0.9999998,True
366,Futurama_5_14857.png,1,1,0,0.9999991,0.99999994,1.2707399e-07,True
367,Futurama_1_04105.png,0,1,0,2.7848118e-06,0.98810875,2.5174879e-05,True
368,Futurama_5_13849.png,1,1,0,0.99994594,0.9908542,9.3544446e-07,True
369,Futurama_3_30049.png,0,1,1,5.6118123e-09,1.0,0.99999994,True
370,Futurama_5_31081.png,0,0,0,3.4018767e-06,5.4422964e-07,4.0034077e-08,True
371,Futurama_2_16585.png,1,1,0,0.9999937,0.9998136,2.471727e-06,True
372,Futurama_4_16273.png,1,0,0,1.0,5.880116e-14,5.399388e-10,True
373,Futurama_4_23401.png,1,1,0,1.0,1.0,2.4006758e-10,True
374,Futurama_4_19969.png,1,0,0,1.0,5.694111e-13,5.2518326e-11,True
375,Futurama_7_25801.png,0,1,0,0.00057509553,1.0,9.4674615e-06,True
376,Futurama_7_03289.png,0,0,0,5.7470817e-07,8.939329e-06,5.715069e-05,True
377,Futurama_5_07489.png,1,1,0,1.0,0.9999999,4.3218103e-07,True
378,Futurama_5_03553.png,1,1,1,1.0,0.9999996,0.9999999,True
379,Futurama_7_03793.png,0,0,0,0.003735997,0.00031364578,0.0002402969,True
380,Futurama_4_22345.png,0,1,0,0.030352848,0.029931247,3.536775e-09,False
381,Futurama_7_21745.png,0,1,1,5.291931e-08,0.9998617,0.9999288,True
382,Futurama_7_16033.png,0,0,0,0.0028905345,8.870288e-06,4.0562034e-07,True
383,Futurama_6_02041.png,0,1,0,0.0063633895,0.99999475,0.00041727675,True
384,Futurama_6_10873.png,0,0,0,4.1109817e-07,3.096374e-05,1.0064302e-05,True
385,Futurama_6_03601.png,0,1,0,0.0009823851,0.99999934,0.0003225014,True
386,Futurama_3_19705.png,0,0,1,0.000919881,2.8241404e-06,0.9998725,True
387,Futurama_1_07705.png,1,1,0,1.0,0.4784902,6.2956104e-05,False
388,Futurama_6_09673.png,1,1,1,1.0,0.00062732765,0.99999785,False
389,Futurama_3_05377.png,0,1,1,3.748431e-10,0.9999657,0.99999905,True
390,Futurama_2_25009.png,1,1,1,0.99999976,0.99996656,0.99972963,True
391,Futurama_6_17137.png,1,1,0,1.0,0.9968995,1.9233055e-05,True
392,Futurama_7_22105.png,0,0,0,0.00011829469,0.0010611679,8.834209e-05,True
393,Futurama_1_31297.png,0,0,0,0.016824,0.08816007,0.040213764,True
394,Futurama_2_08137.png,1,1,1,0.99999994,0.99507946,0.9999767,True
395,Futurama_1_00913.png,0,1,0,0.0002051432,0.9983084,1.0135092e-06,True
396,Futurama_3_01417.png,0,0,0,3.2205415e-05,2.7945035e-08,3.7738697e-05,True
397,Futurama_5_24913.png,0,0,0,0.004001589,0.02233463,5.761686e-06,True
398,Futurama_7_01009.png,0,0,1,0.33012572,0.002755056,0.9785009,True
399,Futurama_7_14977.png,0,0,0,7.91404e-06,0.00013712222,0.0002733073,True
400,Futurama_6_23209.png,0,1,0,0.015438259,0.9999944,4.6207308e-05,True
401,Futurama_4_19465.png,0,0,0,0.016824102,0.088159874,0.040212777,True
402,Futurama_6_24145.png,0,1,0,5.116433e-07,0.9999999,1.5231308e-09,True
403,Futurama_7_23569.png,0,1,1,1.72889e-06,1.0,0.99999684,True
404,Futurama_4_29185.png,0,0,0,1.8733052e-08,5.8384153e-06,3.3662473e-05,True
405,Futurama_6_18913.png,0,0,0,6.202985e-06,1.924813e-08,2.5781821e-06,True
406,Futurama_3_03001.png,1,0,1,1.0,0.0006472898,0.9999079,True
407,Futurama_1_19033.png,0,0,1,0.16240291,9.687934e-08,0.99999976,True
408,Futurama_7_16633.png,0,0,0,0.008969876,3.3226166e-05,3.4916852e-06,True
409,Futurama_3_00577.png,0,0,0,1.5019127e-07,3.1577434e-09,9.328544e-06,True
410,Futurama_4_23809.png,0,0,0,4.6577306e-06,5.698394e-05,4.6092207e-08,True
411,Futurama_6_02401.png,0,1,0,0.0006733778,0.9981056,4.372696e-07,True
412,Futurama_3_03385.png,0,0,0,0.000101802296,4.326681e-05,0.0018018581,True
413,Futurama_6_18145.png,0,1,0,1.3279084e-06,0.9999949,7.76499e-08,True
414,Futurama_3_26089.png,1,1,0,0.9999961,0.8085651,0.00010381856,True
415,Futurama_6_23257.png,0,1,0,4.7008212e-05,0.9999962,0.00053448166,True
416,Futurama_3_17473.png,0,1,1,5.217668e-05,0.99958575,0.90033114,True
417,Futurama_7_15865.png,0,1,0,9.004699e-06,0.68018657,8.445013e-10,True
418,Futurama_7_17905.png,1,1,0,1.0,0.9999872,0.00069275097,True
419,Futurama_2_16177.png,0,0,1,4.97781e-05,1.0663525e-06,0.9999908,True
420,Futurama_5_23473.png,0,0,0,2.0166672e-08,1.9936846e-09,2.4680924e-09,True
421,Futurama_1_25441.png,0,0,0,7.2461885e-06,8.920854e-05,6.097663e-05,True
422,Futurama_4_04321.png,1,0,1,1.0,2.7860296e-09,0.99999917,True
423,Futurama_5_24457.png,1,1,0,1.0,1.0,2.335082e-12,True
424,Futurama_3_17449.png,0,1,1,4.741964e-12,0.99999994,0.9999999,True
425,Futurama_1_12481.png,0,1,1,6.0156715e-09,1.0,1.0,True
426,Futurama_4_03913.png,0,1,0,0.14230615,1.0,2.6291224e-11,True
427,Futurama_6_17569.png,1,1,1,1.0,0.9999938,0.9999944,True
428,Futurama_5_27961.png,1,1,1,0.99988323,0.9893508,0.9975588,True
429,Futurama_2_17113.png,1,1,0,1.0,1.0,1.2545439e-12,True
430,Futurama_1_22465.png,0,1,1,0.001830575,0.99997693,0.9950571,True
431,Futurama_3_07297.png,0,1,1,0.00010972411,1.0,0.99999535,True
432,Futurama_2_05017.png,0,1,0,0.0012455217,1.0,4.977818e-08,True
433,Futurama_3_27673.png,0,0,1,0.0020951002,1.2984651e-07,0.9999241,True
434,Futurama_6_17041.png,1,0,0,1.0,2.462003e-07,2.863296e-07,True
435,Futurama_5_10201.png,1,1,0,1.0,1.0,1.6439659e-09,True
436,Futurama_7_00025.png,0,0,0,0.016824,0.08816007,0.040213764,True
437,Futurama_6_07729.png,0,0,1,0.004454916,2.3272433e-08,0.999856,True
438,Futurama_2_31081.png,0,0,0,3.862683e-06,1.5637168e-06,0.00016473087,True
439,Futurama_7_20785.png,0,0,0,1.1420181e-08,2.1782411e-07,1.46093125e-05,True
440,Futurama_4_04921.png,1,0,1,1.0,4.8444758e-15,1.0,True
441,Futurama_3_07369.png,0,0,1,4.509147e-10,1.1074923e-05,0.9999981,True
442,Futurama_5_12649.png,1,1,0,0.98979336,0.9972568,0.00015873094,True
443,Futurama_7_28321.png,0,1,0,4.6878522e-05,0.9998301,4.693013e-06,True
444,Futurama_4_28345.png,1,0,1,0.99999964,7.498617e-12,0.99999976,True
445,Futurama_7_06985.png,0,1,0,8.6438464e-05,0.9995635,8.084575e-05,True
446,Futurama_1_04969.png,0,0,0,1.3418821e-07,1.2446855e-09,2.481498e-06,True
447,Futurama_7_27697.png,0,1,1,1.3911654e-05,0.99999756,0.99993587,True
448,Futurama_5_18073.png,1,0,0,1.0,0.01889433,0.00023448234,True
449,Futurama_4_18769.png,0,0,0,9.9167104e-05,1.5918061e-10,2.0236462e-11,True
450,Futurama_3_04105.png,0,1,0,3.15072e-05,0.9999802,0.0001728136,True
451,Futurama_7_05617.png,1,1,0,0.9999996,0.9995651,1.8782208e-05,True
452,Futurama_4_11257.png,1,1,1,0.9999825,0.9998342,0.9870121,True
453,Futurama_2_02881.png,1,0,0,1.0,1.1187557e-07,5.681608e-11,True
454,Futurama_1_18865.png,1,0,0,0.99999934,9.8734546e-08,5.772142e-17,True
455,Futurama_5_11185.png,0,0,0,0.007917331,0.00019369424,1.9983927e-05,True
456,Futurama_6_17761.png,0,1,0,1.6638727e-07,0.9991357,1.8833464e-09,True
457,Futurama_7_24913.png,1,0,0,1.0,2.1280033e-05,0.00016839984,True
458,Futurama_3_25801.png,0,0,1,5.0525875e-07,0.00012800733,0.99581903,True
459,Futurama_4_04465.png,1,0,1,1.0,3.323494e-09,0.9999881,True
460,Futurama_3_21601.png,0,0,1,3.076395e-05,5.7485795e-06,0.9999998,True
461,Futurama_5_16681.png,1,0,0,0.99999535,1.4752918e-05,0.0003427699,True
462,Futurama_5_30601.png,0,0,0,6.836567e-06,4.9002614e-07,1.0368244e-09,True
463,Futurama_2_27937.png,0,1,0,4.129037e-05,0.99999994,3.9378574e-07,True
464,Futurama_6_09985.png,1,0,1,0.9999375,6.3501415e-07,0.9893924,True
465,Futurama_1_12793.png,0,1,1,2.3852342e-06,1.0,1.0,True
466,Futurama_1_30145.png,0,1,0,1.2900497e-07,1.0,4.359359e-10,True
467,Futurama_4_22177.png,0,0,1,2.9129267e-06,3.285402e-08,0.2195217,False
468,Futurama_5_03241.png,0,0,1,4.0513895e-10,1.1377671e-09,0.9999998,True
469,Futurama_1_20281.png,0,1,1,1.706841e-07,1.0,0.9999948,True
470,Futurama_2_25033.png,1,1,1,1.0,0.9999986,0.75960696,True
471,Futurama_5_06457.png,0,0,1,0.007825635,8.587056e-06,0.9999999,True
472,Futurama_4_16825.png,1,0,0,1.0,1.8190536e-05,2.3738132e-05,True
473,Futurama_6_02209.png,0,0,0,2.6352873e-07,4.172726e-08,0.00094279606,True
474,Futurama_4_13489.png,0,0,0,0.0042475183,3.909294e-09,2.603365e-10,True
475,Futurama_1_17641.png,1,0,0,1.0,5.502509e-06,2.1711227e-10,True
476,Futurama_6_14809.png,0,0,0,0.0009693146,2.4356516e-06,9.7006925e-08,True
477,Futurama_5_02305.png,0,0,0,5.8357615e-05,0.0029847343,0.0019539786,True
478,Futurama_2_15889.png,0,0,0,0.00048103032,0.00034512993,0.0017911514,True
479,Futurama_2_30265.png,0,0,1,0.0001638236,0.0024896222,0.97180563,True
480,Futurama_1_18769.png,1,0,0,1.0,6.723294e-08,1.8671175e-18,True
481,Futurama_6_12145.png,0,0,1,8.707051e-11,3.2782726e-08,1.0,True
482,Futurama_4_25777.png,1,1,0,1.0,0.99999994,1.5796104e-06,True
483,Futurama_2_05641.png,0,0,1,8.176047e-09,8.285361e-08,0.999986,True
484,Futurama_1_26161.png,1,1,1,0.9996464,0.99993074,0.9977927,True
485,Futurama_2_22681.png,1,1,0,0.99994797,0.9999989,0.26374644,True
486,Futurama_7_05161.png,0,1,0,1.885691e-06,1.0,4.618638e-06,True
487,Futurama_1_16297.png,1,1,1,1.0,0.2004061,0.8067014,False
488,Futurama_3_19801.png,0,0,1,0.0024155234,4.9530263e-05,0.9998406,True
489,Futurama_6_21457.png,0,0,0,0.12797135,0.108591236,0.002137779,True
490,Futurama_6_15073.png,0,1,0,5.8805367e-06,1.0,3.6134234e-06,True
491,Futurama_7_08233.png,0,0,0,0.019143913,2.361369e-07,0.544371,False
492,Futurama_3_03121.png,1,0,1,1.0,5.881289e-05,0.9999926,True
493,Futurama_6_07345.png,0,0,0,1.8412575e-06,4.1611145e-08,0.00023375264,True
494,Futurama_1_06577.png,1,1,0,1.0,1.0,0.018181624,True
495,Futurama_7_26473.png,0,1,1,0.0002231477,0.9999997,0.99639255,True
496,Futurama_4_20401.png,1,0,0,1.0,1.795052e-14,1.9199621e-08,True
497,Futurama_5_10489.png,0,1,1,1.2478437e-06,0.9999983,0.9880387,True
498,Futurama_7_29977.png,0,0,0,0.00017508055,0.0014284363,2.8683608e-05,True
499,Futurama_1_23353.png,1,1,1,0.9999978,0.99826187,0.94309074,True
